,K006-1,K006-2,K006-3,K006-4,K007-1,K007-2,K007-3,K007-4,K008-1,K008-2,K008-3,K008-4,K009-1,K009-2,K009-3,K009-4,K010-1,K010-2,K010-3,K010-4,K011-1,K011-2,K011-3,K011-4,K012-1,K012-2,K012-3,K012-4,K013-1,K013-2,K013-3,K013-4,K014-1,K014-2,K014-3,K014-4,K015-1,K015-2,K015-3,K015-4
K006-1,-54.511673151750976,-63.18989547038328,-65.97608503100089,-59.78645066273932,-57.9324693042292,-70.48257372654156,-66.25207468879668,-62.634835752482815,-69.90819672131147,-65.74814814814815,-72.7248062015504,-71.21226993865031,-73.8639455782313,-68.55948553054662,-77.51165980795611,-74.86620926243567,-78.33760683760684,-76.5,-81.26133333333334,-50.76009944064637,-67.97417355371901,-41.33577405857741,-72.08785529715762,-69.45454545454545,-75.0171875,-59.05396174863388,-62.12955779674166,-72.05035971223022,-62.15163607342378,-70.32860824742268,-69.082497212932,-70.52573018080668,-68.86194477791116,-77.24063116370809,,-74.69483568075117,-82.135,-77.50416666666666,-80.10362694300518,-84.82213438735178
K006-2,-60.0820948336872,-61.151630022744506,-72.07209302325582,-58.08943616331821,-60.103971119133575,-63.76285495011512,-68.30344108446299,-72.94222833562586,-71.02105263157895,-79.37183544303798,-82.53882352941176,-75.49549549549549,-71.16742596810934,-77.42168674698796,-75.69852941176471,-77.91212653778558,-78.07606973058637,-88.48484848484848,-84.66187050359713,-52.97695852534562,-61.358231707317074,-37.64994829369183,-67.67313288069835,-65.80251694094869,-65.47940074906367,-60.09361702127659,-65.25041459369818,-69.33719806763285,-63.76592478894858,-73.2030534351145,-70.80344827586207,-71.44019933554817,-75.0,-83.31283422459893,-88.45454545454545,-77.20211161387633,-75.13095238095238,-82.44413407821229,-78.9553264604811,-78.91280148423006
K006-3,-60.94778761061947,-66.22311111111111,-56.64660601819454,-62.385313531353134,-55.4228432563791,-71.33127317676143,-63.714418604651165,-63.33886010362694,-65.53225806451613,-67.01338432122371,-69.61664841182913,-69.17711771177117,-74.80322003577818,-72.09836065573771,-80.6842105263158,-78.04021937842779,-78.22857142857143,-77.43302752293577,-78.42141623488774,-53.76535541752933,-68.51035781544256,-37.81442760062729,-69.45727482678984,-61.48049476688868,-65.05108225108225,-55.544914134742406,-59.56594724220624,-68.24421052631578,-62.57363710333605,-68.42841765339074,-70.45231607629428,-69.90719257540603,-73.4618320610687,-82.14077669902913,-86.875,-71.50171428571429,-82.98367346938775,-79.25792811839324,-77.92165898617512,-77.08565737051792
K006-4,-67.35932560590095,-67.34864546525324,-69.3342776203966,-57.08987341772152,-53.53898939488459,-68.293997965412,-64.50190839694656,-67.51724137931035,-63.56917978458989,-71.49159120310479,-72.9453717754173,-68.06695005313496,-68.76160602258469,-75.54307692307692,-79.47553816046967,-76.02850877192982,-79.844,-74.33203631647211,-81.16205533596838,-55.62604722010663,-62.5928636779506,-42.628240485383344,-74.45885634588564,-65.93820224719101,-64.92543021032505,-60.688988095238095,-63.20742534301856,-67.29170829170829,-66.97302904564316,-65.83716475095785,-72.88341968911917,-67.94035087719298,-70.96095717884131,-74.89876880984951,-86.55384615384615,-76.32178932178932,-76.59354838709677,-75.26037735849057,-75.09615384615384,-75.33802816901408
K007-1,-59.05555555555556,-70.08233890214797,-74.95016077170418,-55.71723220226215,-56.52676240208877,-68.06795016987543,-61.738646101113964,-59.59815950920245,-60.39967506092608,-64.98952879581152,-63.74841053587648,-66.09702315325248,-69.90096618357488,-63.25847457627118,-74.62992125984252,-72.3258785942492,-73.94224924012158,-74.5234375,-82.6774193548387,-52.07719298245614,-70.16914749661704,-43.57341040462428,-71.80193236714976,-69.49919484702093,-67.47932960893854,-62.36032028469751,-66.62920168067227,-60.16289592760181,-62.64206642066421,-67.86263736263736,-66.90604026845638,-67.31075268817204,-68.9937965260546,-74.74745762711865,-83.56470588235294,-75.04857142857144,-75.35701906412478,-80.3012048192771,-74.06532663316582,-83.21753246753246
K007-2,-63.9217238346526,-74.60211267605634,-64.00559179869525,-71.01709401709402,-69.70175438596492,-67.32565445026178,-59.734303215926495,-60.70007955449483,-63.07223672758921,-68.65288220551379,-70.68935643564356,-62.77957446808511,-75.85777777777778,-74.46525096525096,-75.8973063973064,-74.59621993127148,-77.50610820244329,-76.87781350482315,-85.73008849557522,-50.46728430804864,-63.5697896749522,-38.369531652084405,-65.59207920792079,-64.48068669527898,-61.40635738831615,-57.17269624573379,-64.68189964157706,-62.17937971500419,-67.9045643153527,-67.89596083231334,-66.12316715542522,-64.69660861594868,-72.77303070761015,-76.37569060773481,,-66.97568710359408,-74.48581560283688,-76.26384364820846,-71.70793650793651,-73.01633986928104
K007-3,-62.13416536661467,-77.34740882917467,-65.66078838174273,-65.26498127340824,-70.55868544600939,-66.53941441441441,-61.0869191049914,-57.12261753494282,-61.61388653683319,-59.228896103896105,-77.01344537815126,-63.51949085123309,-70.75409836065573,-77.00521739130434,-74.0364500792393,-71.31083202511773,-75.726,-73.30551816958277,-78.8876811594203,-53.035759096612296,-71.12021136063409,-44.65940594059406,-73.45484949832776,-69.3377358490566,-60.09553641346907,-57.75957926371149,-68.72513368983957,-66.44712041884817,-60.20137931034483,-75.03363914373088,-64.2251012145749,-61.33212341197822,-65.57918552036199,-68.56909547738694,-86.075,-70.02733485193622,-72.08431703204047,-72.74453781512605,-71.10859728506787,-74.8647619047619
K007-4,-65.8177028451001,-68.1156626506024,-66.65452091767881,-75.14345114345114,-61.5168439716312,-61.69047619047619,-63.30038387715931,-59.91854838709678,-56.20983606557377,-62.79494382022472,-69.93741109530583,-61.66731898238748,-73.26396648044692,-64.11252446183953,-72.66348773841962,-71.85058977719528,-75.70083102493075,-71.78629032258064,-79.07863247863249,-48.64525633470831,-75.1421568627451,-47.25040650406504,-66.80754226267881,-68.4580265095729,-62.14886164623468,-61.79407051282051,-72.30833333333334,-63.03623188405797,-64.92687747035573,-72.88121212121212,-68.51535836177474,-57.488052136133234,-63.70232558139535,-67.99872448979592,-88.0,-70.50211565585332,-71.38344827586207,-84.6829268292683,-71.49616368286445,-69.3924794359577
K008-1,-69.96148738379814,-69.80125786163522,-81.15686274509804,-71.88150289017341,-69.6837899543379,-75.1038062283737,-70.59188544152745,-59.35248447204969,-59.49096622152396,-65.70675944333996,-70.95280612244898,-60.17174082747853,-65.60105680317041,-67.05402298850575,-70.57590966122962,-66.81061394380853,-68.65544332210999,-69.44578313253012,-80.84357541899442,-54.94944707740916,-68.94893617021276,-46.21169463995669,-70.47469220246238,-66.97186700767263,-65.72876151484135,-62.94444444444444,-67.48264277715566,-60.84134248665141,-71.6923076923077,-71.26315789473684,-74.05646359583953,-59.3534107402032,-60.02983932670237,-66.65093167701863,,-64.66999002991027,-69.80125786163522,-68.83253012048193,-68.77092511013215,-68.6798418972332
K008-2,-73.08088235294117,-76.14285714285714,-76.79310344827586,-71.3935790725327,-74.23463687150839,-71.65444287729196,-58.421993127147765,-68.91078066914498,-65.95579567779961,-61.91503823279524,-63.46908734052993,-66.4989247311828,-65.75052192066806,-73.86043533930858,-66.95581896551724,-74.78351955307262,-72.04427083333333,-75.7136,-80.16111111111111,-51.79912115505336,-67.01541623843782,-43.37486515641856,-69.39531478770132,-74.34527687296416,-63.33800350262697,-61.53879310344828,-65.53393665158372,-61.95673469387755,-62.68824531516184,-61.51845637583892,-68.17018779342723,-61.0625,-61.48471223021583,-65.90818363273453,-85.128,-66.7607555089192,-71.79106628242074,-67.23905723905725,-66.8710843373494,-80.03304347826086
K008-3,-76.78296146044624,-74.42777777777778,-73.25859491778775,-69.1936,-66.06908665105387,-73.402124430956,-63.84199363732768,-66.50215208034433,-65.12753277711562,-71.35338345864662,-64.43487621097955,-59.69494290375204,-63.69122807017544,-62.70977011494253,-72.85763293310463,-62.9050505050505,-68.6910866910867,-66.46557759626604,-83.53472222222223,-51.10747957259585,-67.66945606694561,-47.60376282782212,-72.29110105580693,-68.71967213114755,-66.90425531914893,-63.88583509513742,-65.19883720930233,-64.71509009009009,-70.62096774193549,-62.27838104639684,-66.78756476683938,-64.6238425925926,-58.07791225416036,-66.38216560509554,-83.97872340425532,-64.0010905125409,-63.777222777222775,-64.01689189189189,-65.71348314606742,-70.46314325452016
K008-4,-69.625,-83.40186915887851,-75.9808362369338,-71.8696682464455,-65.78201058201059,-77.11284722222223,-63.79386385426654,-64.84102060843965,-56.51290760869565,-64.49056603773585,-67.09219088937093,-60.70425867507886,-64.10561370123692,-64.9599542334096,-72.26576576576576,-71.06826801517067,-66.44919278252611,-64.34631578947368,-78.39870689655173,-51.51686823679185,-74.66614906832298,-51.45576571079927,-80.30933333333333,-71.89391304347826,-77.36434108527132,-67.58971428571428,-67.54265402843602,-74.65335463258786,-73.72645739910314,-66.60275423728814,-71.2155388471178,-67.70230607966457,-55.49783013019219,-66.43390191897655,-86.95918367346938,-63.78239845261122,-65.88665997993982,-66.52597402597402,-68.8125,-69.02005012531329
K009-1,-70.95620437956204,-81.2741935483871,-75.56369982547993,-78.50862068965517,-71.38136826783115,-77.83403068340307,-67.12961011591149,-74.34722222222223,-67.61451247165533,-72.35244755244756,-75.8099173553719,-66.54347826086956,-59.933488012374326,-65.2557915057915,-68.21255060728745,-63.94189071986124,-58.48421759570181,-66.23628219484883,-71.56753407682776,-41.64615384615384,-76.94788273615636,-49.46993318485524,-80.12165450121654,-74.59116022099448,-75.97851002865329,-67.69491525423729,-66.65299684542586,-68.48812095032397,-71.65347721822542,-68.77543859649123,-67.56653225806451,-64.02859960552269,-60.52333588370314,-63.68283917340521,-81.38297872340425,-67.02944383860414,-60.76309616888194,-65.73997709049256,-69.02819237147595,-67.52173913043478
K009-2,-72.53615520282187,-76.4459234608985,-75.5639880952381,-78.2582056892779,-73.52373660030628,-81.90338164251207,-73.3089430894309,-63.558078602620085,-65.78767876787678,-69.62671660424469,-64.41388888888889,-69.45077105575326,-60.098765432098766,-62.530316742081446,-67.88901098901098,-60.3494837172359,-68.47005649717514,-67.30812013348165,-72.87354085603113,-45.17192147531232,-70.63665086887836,-51.83776414451261,-79.10917030567686,-70.49196141479099,-70.76683937823834,-68.36615044247787,-70.20998719590268,-70.8119658119658,-74.24309392265194,-74.94615384615385,-65.94730941704036,-68.27428571428571,-63.63905325443787,-62.059058260175576,-81.55357142857143,-61.59443990188062,-63.54827586206896,-62.02472089314195,-63.01672240802676,-65.44270323212537
K009-3,-78.49910873440285,-80.42056074766356,-76.35971223021583,-76.53452115812918,-74.47058823529412,-79.76348547717842,-77.30169491525423,-73.11111111111111,-77.58632478632478,-68.8358695652174,-68.32161874334399,-67.53838484546361,-58.62041884816754,-60.91286863270778,-61.98701298701299,-73.01117318435755,-63.22093023255814,-72.32981530343008,-72.23735955056179,-37.43453009503696,-76.12541254125412,-51.97975460122699,-77.76083188908146,-77.0,-74.72041420118343,-71.7247191011236,-72.91561712846348,-68.89807474518686,-75.8709122203098,-74.18040435458786,-74.24579124579125,-77.5585874799358,-66.39566395663957,-66.00422386483632,-80.17948717948718,-59.50803212851405,-59.26262626262626,-59.91382904794997,-63.11617900172117,-64.5088257866462
K009-4,-74.40439932318105,-89.13218390804597,-79.38051044083527,-78.2670349907919,-78.39102564102564,-81.79411764705883,-68.25395152792413,-75.61942675159236,-64.52529182879377,-68.58181818181818,-70.27027027027027,-68.37278761061947,-55.65965909090909,-73.53560830860535,-66.46603970741901,-68.2252358490566,-59.55074520936834,-67.3363329583802,-65.98289136013688,-36.609684947491246,-75.9186440677966,-52.36808236808237,-76.39763113367174,-77.1511111111111,-76.0,-70.58415841584159,-73.66623207301173,-73.61209439528024,-70.82171581769437,-68.78,-79.54564315352697,-69.48603351955308,-65.59149484536083,-67.59500542888165,-83.5125,-63.15675675675676,-62.1783295711061,-64.51544571932921,-65.58389261744966,-63.57948316366484
K010-1,-75.98039215686275,-83.38666666666667,-78.11669128508125,-78.61946902654867,-78.95238095238095,-82.72012578616352,-71.28739316239316,-83.48421052631579,-69.1573896353167,-70.20966183574879,-69.17263843648209,-77.18032786885246,-69.202216066482,-79.90528233151184,-65.75629569455727,-64.18029197080293,-58.54680977936792,-71.2110655737705,-80.05974842767296,-28.66490919742238,-75.20579710144928,-50.55891719745223,-88.0,-82.14893617021276,-76.24448897795591,-70.671875,-72.3595166163142,-79.28014184397163,-72.22348484848484,-72.39342403628117,-74.94663573085847,-66.31296449215525,-70.90795454545454,-70.84873949579831,-81.50403225806451,-72.44015444015444,-56.56352941176471,-69.9000999000999,-64.19058641975309,-62.380330123796426
K010-2,-77.28192771084338,-77.74306839186691,-83.00909090909092,-78.4382871536524,-77.38659793814433,-78.89772727272727,-82.728125,-78.17708333333333,-77.25199362041467,-70.06382978723404,-71.53567110036276,-71.02413431269675,-70.60529634300126,-66.83024118738405,-68.97936210131333,-64.93891213389121,-69.66395348837209,-59.96702557200538,-62.49767441860465,-34.45145364783324,-74.50530035335689,-49.88447867298578,-76.17785234899328,-78.73898305084745,-77.93037974683544,-71.5,-74.22238372093024,-84.95437262357414,-75.08695652173913,-72.58849557522124,-68.18388429752066,-69.181330472103,-62.38593866866118,-74.9738903394256,-74.20965517241379,-59.74700493305144,-57.842837273991655,-58.96064516129032,-62.05017667844523,-65.96358543417367
K010-3,-79.72244897959183,-80.38074398249454,-80.5440313111546,-79.20535714285714,-78.72277227722772,-78.26218487394958,-85.33962264150944,-78.80196399345336,-73.10082872928177,-74.08267716535433,-72.89733840304183,-69.72488262910798,-74.00244798041615,-69.87204724409449,-75.21052631578948,-66.49122807017544,-63.88556851311953,-58.35223880597015,-69.99903006789525,-34.57850779510022,-76.99552906110283,-46.48588490770901,-88.15957446808511,-77.168458781362,-77.1421568627451,-72.01760176017602,-72.25595984943538,-84.43103448275862,-73.9673202614379,-76.40610328638498,-69.19854280510019,-71.6489707475623,-65.97814207650273,-68.68720379146919,-77.83703703703704,-68.25490196078431,-72.59935897435898,-69.36690647482014,-62.88342165026495,-60.2655601659751
K010-4,-82.92651757188499,-81.70892018779342,-90.71028037383178,-77.56844106463879,-75.95121951219512,-84.54195804195804,-74.77724358974359,-74.8111753371869,-75.43417366946778,-76.3452380952381,-73.43832020997375,-73.21107266435986,-69.20833333333333,-65.81284403669724,-69.92224231464738,-65.38325652841782,-68.45833333333333,-61.95867208672087,-67.12734082397004,-47.85029617662897,-85.9609756097561,-50.83305036785512,-81.55825242718447,-80.34871794871795,-79.7518656716418,-74.76877234803338,-74.97943037974683,-77.65064102564102,-79.23168654173764,-74.80564784053156,-74.47649301143584,-70.02790697674419,-70.38014783526927,-75.27320261437909,-80.18852459016394,-66.91550522648083,-63.0413694721826,-60.90981432360743,-63.871757925072046,-59.54033771106942
K011-1,-73.11111111111111,-74.53233082706767,-67.58410732714138,-68.07174490699734,-67.99043977055449,-80.15732758620689,-68.21435406698565,-73.17050067658998,-70.93016759776536,-69.13142857142857,-75.79907264296754,-75.73002159827213,-74.8993710691824,-71.95833333333333,-77.25519848771266,-76.55424528301887,-78.1423076923077,-82.34986225895317,-82.12530712530713,-48.88526570048309,-63.695035460992905,-31.692943770672542,-62.56121726822364,-65.36569872958258,-61.59197786998617,-61.31969486823856,-65.6025641025641,-74.16031537450722,-67.08923375363725,-75.05705705705705,-79.16964285714286,-75.80363636363636,-72.27351664254704,-69.993993993994,-82.74545454545455,-78.08867924528302,-74.73479729729729,-77.92629482071713,-81.86842105263158,-77.60235294117648
K011-2,-71.46600742,-72.05696203,-70.8197556,-75.55138889,-72.4740566,-72.65144231,-74.13888889,-73.30051151,-84.04205607,-71.33370288,-76.89102564,-74.66362451,-78.77030162,-79.348,-78.45698925,-82.46461538,-81.37831858,-83.20363636,-83.35751295,-57.45566502,-60.43948655,-44.26938093,-76.61286089,-59.22164948,-75.69627507,-59.43433696,-77.47435897,-70.77666667,-69.03171008,-72.62406015,-73.7753304,-68.53207547,-76.97201493,-71.14220183,,-78.26829268,-79.98865784,-80.81122449,-76.64705882,-79.08644401
K011-3,-67.35635964912281,-67.004004004004,-73.53805073431242,-77.6086956521739,-68.63673469387756,-73.2785888077859,-68.48532494758909,-70.19954128440367,-75.56228956228956,-70.03385731559855,-80.20767494356659,-69.35265104808877,-70.51313969571231,-75.38269794721407,-80.21390374331551,-81.70760233918129,-73.80321285140562,-88.8,-82.46440677966102,-53.551435406698566,-68.91939890710383,-29.103833865814696,-65.92898832684826,-62.34887737478411,-63.13440405748098,-64.96705253784506,-67.08928571428571,-68.79910714285714,-64.30996621621621,-69.0835322195704,-71.43815789473685,-73.78199718706048,-70.83780487804879,-69.12579957356077,-87.7,-79.72972972972973,-75.88315629742033,-76.63214285714285,-78.2392156862745,-78.38857142857142
K011-4,-67.32717391304348,-68.541928721174,-69.75132837407014,-77.24872231686541,-62.23359375,-66.78986272439282,-64.78547579298831,-70.69549330085262,-70.7879746835443,-71.19113573407202,-75.43457189014539,-70.70827679782904,-70.26068965517241,-74.98709677419355,-79.15598290598291,-77.27610619469027,-76.73406193078324,-84.42978723404255,-88.62711864406779,-50.06589891234805,-63.15766550522648,-31.292407108239097,-61.73388429752066,-59.55732217573222,-58.74512534818942,-55.89673278879813,-60.66070150322119,-72.7129750982962,-61.98432835820896,-71.23862238622387,-69.42275449101797,-66.65822784810126,-76.65083135391924,-74.96415094339622,-85.64516129032258,-75.79087452471482,-76.55932203389831,-76.07352941176471,-75.90710382513662,-83.60851063829787
K012-1,-68.48336798336798,-70.84870317002881,-67.67396593673966,-73.4969040247678,-72.14618973561431,-63.09286328460877,-67.52364066193853,-64.43258971871968,-65.67209971236817,-68.79974651457542,-74.23795180722891,-69.65336374002281,-70.68949232585597,-72.88285714285715,-81.89655172413794,-77.04770017035776,-77.02,-77.48295454545455,-81.68195718654434,-53.546814044213264,-68.89473684210526,-35.69455362156092,-67.65104166666667,-61.78215962441315,-68.3814317673378,-54.61496350364963,-56.94682895579757,-57.8425617078052,-61.050860719874805,-78.90581162324649,-65.93188268684958,-63.68797709923664,-71.348271446863,-76.26923076923077,,-74.78466076696165,-76.01969696969697,-76.42105263157895,-75.8403041825095,-84.755
K012-2,-67.92826552462527,-66.55297157622739,-72.31929347826087,-74.04065040650407,-68.86924686192468,-79.60987654320988,-69.63892288861689,-73.64274061990213,-69.32926829268293,-77.61045531197301,-78.45780969479354,-73.90131578947368,-69.48863636363636,-71.34986945169713,-75.798751950078,-79.16056338028169,-79.6986301369863,-73.78297161936561,-83.0778816199377,-50.88195386702849,-74.86837606837607,-33.27560414269275,-57.857585139318886,-64.25827107790822,-72.03005464480874,-58.44891443167305,-54.13799177921315,-62.88148148148148,-65.98946360153256,-64.72142252328536,-65.88795811518325,-79.23325062034739,-69.74060606060605,-68.29391100702576,-89.0,-74.49258160237389,-78.83625730994152,-78.5,-71.38848920863309,-80.30534351145039
K012-3,-74.7483870967742,-67.61392405063292,-65.29527896995708,-72.24528301886792,-72.37745098039215,-74.80621301775147,-73.5234474017744,-74.81315789473685,-69.3564705882353,-68.33094994892748,-73.3509272467903,-76.04329004329004,-69.36133333333333,-72.51750972762646,-73.7275494672755,-72.9966611018364,-74.48811700182816,-85.5047619047619,-81.91420118343196,-48.767916207276734,-65.4190382728165,-40.07991696938246,-76.90856313497822,-66.27020785219399,-68.63803680981596,-54.866461538461536,-55.47558770343581,-76.85335689045937,-57.50153280196199,-62.7921270718232,-63.37576219512195,-65.3542372881356,-70.42666666666666,-73.05311077389985,-84.7215909090909,-72.52604828462516,-71.95328719723183,-76.73262032085562,-77.04347826086956,-80.21875
K012-4,-69.41571609632446,-68.72465437788019,-65.322,-67.70645554202193,-64.2794547224927,-75.39571150097466,-71.63961485557084,-72.91921005385997,-71.61306532663316,-67.3414120126449,-69.43305186972256,-69.80371660859466,-66.8488982161595,-70.79834905660377,-71.60210803689064,-74.89628482972137,-77.99469026548672,-75.61072664359861,-80.6120218579235,-56.11965134706814,-66.17298578199052,-41.57621951219512,-70.32249322493224,-59.99333967649857,-57.76772793053546,-53.871153846153845,-63.834986474301175,-63.83183856502242,-52.44576802507837,-66.70670995670996,-61.3005733005733,-61.61594202898551,-65.65179542981501,-77.74257425742574,-85.76829268292683,-71.4047619047619,-76.648,-74.36234817813765,-70.44642857142857,-75.49767441860465
K013-1,-70.1551246537396,-72.63194444444444,-69.51038961038961,-70.22135416666667,-65.51753325272068,-69.79506172839505,-69.13440860215054,-74.76050420168067,-72.73645680819912,-65.12129894937918,-63.03746877601999,-71.19350649350649,-64.84276729559748,-72.58244365361803,-70.89883720930233,-75.1577909270217,-73.3209549071618,-72.54498044328552,-73.83580080753701,-48.28166465621231,-71.73833097595474,-44.74633251833741,-73.25925925925925,-63.02469135802469,-63.48621553884712,-58.694975230007074,-65.03907815631263,-59.20949510173323,-61.00950987564008,-59.63093289689034,-57.15633423180593,-54.175558312655085,-65.4332129963899,-73.40851735015772,-83.09649122807018,-68.32432432432432,-82.08353808353809,-71.13037249283667,-67.57377049180327,-75.30862068965517
K013-2,-73.8844696969697,-73.03136762860727,-66.92572658772875,-73.57648725212465,-63.3214588634436,-70.35341830822712,-69.46198830409357,-71.80689655172414,-71.48103792415169,-79.78260869565217,-73.88039867109634,-78.75675675675676,-68.93356643356644,-72.65629420084866,-77.168,-71.91405184174624,-78.37078651685393,-79.04864864864865,-78.93231441048034,-49.35332541567696,-72.30160857908847,-42.4,-71.0842332613391,-66.39155251141553,-66.52659110723627,-63.1925601750547,-58.66875,-66.02293120638086,-60.1418826739427,-69.46059933407325,-55.60703637447824,-56.302367941712205,-68.04220779220779,-68.08937198067633,-83.89473684210526,-73.9108527131783,-68.3391215526047,-77.47157894736841,-73.89265536723164,-73.11129848229342
K013-3,-75.49241146711636,-76.73371647509579,-73.49224259520452,-70.6375,-70.21604139715394,-71.81655172413794,-67.1094527363184,-80.49859943977592,-74.51445086705202,-70.20935960591133,-77.44520547945206,-77.122,-70.7701778385773,-67.28178694158076,-77.84369114877589,-71.39680426098535,-72.69622093023256,-76.08780487804879,-77.81558935361217,-51.84561178731583,-72.18586789554531,-47.72488038277512,-73.96214511041009,-67.43391188251002,-69.58450704225352,-64.70305272895467,-67.49601063829788,-67.58716707021792,-66.24705882352941,-57.40480831708902,-60.04406999351912,-64.01216089803555,-60.32453092425296,-66.31822971548999,-79.55197132616487,-64.66074450084602,-68.92326431181486,-66.74886363636364,-72.46440677966102,-75.70430107526882
K013-4,-67.09159347553324,-75.63385826771653,-68.36633663366337,-69.3108108108108,-65.64415862808146,-69.47203274215552,-63.3935546875,-73.48893360160966,-72.5345394736842,-64.5,-71.52,-79.49465240641712,-65.34762456546929,-68.51898734177215,-75.36,-67.99459459459459,-72.46031746031746,-68.10849673202614,-76.58740157480315,-49.96672608437314,-71.46869070208729,-50.58939974457216,-75.9280442804428,-72.47042253521127,-70.39915373765868,-63.24390243902439,-64.84155299055614,-62.75581395348837,-68.89026063100137,-63.14035087719298,-56.87563775510204,-67.72774869109948,-62.10555050045496,-65.98511166253101,-83.08900523560209,-59.64832535885167,-68.87782805429865,-67.15281501340482,-65.39755766621438,-73.4405705229794
K014-1,-71.35384615384615,-84.07335907335907,-75.89848484848486,-77.2248201438849,-67.1086956521739,-79.13673805601319,-68.48022598870057,-68.00126103404791,-79.42673992673993,-68.90276243093922,-73.28843710292249,-72.77721088435374,-74.26002766251729,-59.07452574525745,-66.09324452901998,-64.19449378330373,-68.12017167381974,-73.67540029112081,-68.50686378035903,-45.80211228460256,-75.43531468531468,-51.21996185632549,-79.09491525423729,-73.79088471849866,-70.84179456906729,-70.76511627906977,-68.81711606096131,-66.57827788649706,-63.9523381294964,-69.71836228287842,-70.05908584169454,-64.39799635701274,-54.272881355932206,-58.11299804049641,-77.72566371681415,-63.965811965811966,-63.44584837545126,-68.11023622047244,-62.69590163934426,-65.9756335282651
K014-2,-79.42493638676845,-80.63615023474179,-72.88968481375358,-78.33211678832117,-73.46252285191956,-73.65370595382745,-72.65178571428571,-73.41255605381166,-70.37341040462428,-73.53158705701078,-72.8048128342246,-76.8513986013986,-71.28400954653938,-65.54901960784314,-65.41293103448275,-72.92156862745098,-68.43211334120426,-76.84210526315789,-70.57371007371007,-49.42363636363636,-75.14814814814815,-54.676702508960574,-71.59342560553634,-72.45641025641025,-73.81521739130434,-66.56991321118612,-68.54676258992805,-69.64394993045897,-74.93465045592706,-59.492938802958975,-57.05183727034121,-69.85549132947978,-61.95231213872832,-51.5396359365825,-88.8,-61.01150306748466,-67.56333676622039,-66.1207778915046,-68.0771349862259,-71.07152317880795
K014-3,-76.47546531302876,-81.12244897959184,-77.43664383561644,-79.83863080684597,-75.39498432601881,-74.90043923865301,-68.05280172413794,-76.61769352290679,-75.13930348258707,-74.81052631578947,-68.15665024630542,-75.73366013071896,-71.00579710144928,-62.90865766481335,-72.83279742765274,-72.88036809815951,-69.57567185289957,-67.37858508604207,-71.94993581514763,-51.1792392005158,-81.99041533546325,-55.66003184713376,-76.3828125,-75.45,-74.87045123726347,-66.08620689655173,-70.24306326304107,-75.4185303514377,-71.19795657726692,-64.29675153643547,-76.63494809688581,-77.66509433962264,-62.54519368723099,-58.65571526351814,-71.49644549763033,-74.99369085173501,-61.18009478672986,-66.70114942528735,-62.383184523809526,-61.5752339812815
K014-4,-79.29776674937965,-80.022,-72.6116788321168,-71.07934131736526,-69.1523178807947,-82.14040114613181,-75.30973451327434,-77.32736572890026,-71.91939890710383,-78.00550458715597,-66.57157676348548,-77.60928433268859,-72.01757188498402,-60.84421364985163,-69.69305724725945,-71.9413680781759,-67.56004366812228,-67.69605568445476,-77.11134020618557,-43.70494335736354,-78.05765765765766,-51.968564650059314,-80.0952380952381,-73.93963254593176,-73.52830188679245,-73.69174041297936,-72.22672064777328,-75.27215189873418,-65.81544633901706,-72.28550932568149,-68.51560549313358,-73.30016583747927,-59.705075445816185,-64.48715824357912,-71.80307692307693,-66.27155963302752,-57.892925430210326,-61.32811334824758,-59.52131782945737,-60.30743243243244
K015-1,-75.17158931082982,-83.42745098039215,-76.99785867237688,-71.75981524249423,-72.68144044321329,-77.47887323943662,-78.8625,-74.04608294930875,-70.10729613733906,-73.65224625623961,-70.65535248041776,-76.52188006482982,-67.42681775259679,-67.7095046854083,-60.999328408327735,-69.41903719912473,-69.72259507829978,-71.97375690607734,-73.04022988505747,-43.81781609195402,-78.49789029535864,-52.361837906828335,-80.34990439770554,-75.98760330578513,-80.0297619047619,-75.10825688073395,-76.0719696969697,-72.1791483113069,-67.21396396396396,-72.36111111111111,-64.40194346289752,-65.11857379767828,-68.63932806324111,-65.65692175408427,-70.33815789473684,-69.23373493975903,-53.518742442563486,-57.6745939675174,-60.56775067750677,-61.57373595505618
K015-2,-75.94171220400729,-78.02127659574468,-80.16089108910892,-72.90415335463258,-73.02523659305994,-79.31489361702128,-75.05087209302326,-74.26633986928104,-76.6537037037037,-76.66824644549763,-77.91637630662021,-78.05923344947735,-73.00915032679738,-70.71510791366906,-74.2612055641422,-73.77195945945945,-70.36872812135356,-71.4242819843342,-69.15347018572825,-49.764668367346935,-73.75826972010178,-49.29340592861464,-78.69444444444444,-77.78217821782178,-77.26050420168067,-67.57021276595745,-72.22869318181819,-77.62271062271063,-73.55913978494624,-70.14133016627079,-62.43295019157088,-63.10562310030395,-61.74074074074074,-65.06617647058823,-66.34836427939877,-66.40791896869244,-65.51286764705883,-56.09298140371926,-54.63429869392391,-60.618556701030926
K015-3,-78.7046875,-80.05253623188406,-90.5952380952381,-76.2313829787234,-75.35546334716459,-85.76150627615063,-74.89124668435014,-82.23566878980891,-76.2127659574468,-73.52131147540983,-78.0,-80.01724137931035,-72.1402953586498,-70.68864097363083,-76.98744769874477,-71.78874629812438,-71.99686520376176,-77.90421455938697,-71.33524027459954,-50.77568585260893,-85.01538461538462,-52.12569659442725,-81.11607142857143,-78.16510903426791,-83.46385542168674,-72.04993252361673,-72.39537712895377,-77.97603833865814,-74.85820895522389,-79.48155737704919,-72.89904988123516,-68.60193321616872,-59.93639143730887,-62.82233834095363,-72.49773755656109,-68.86446886446886,-64.23203963666391,-68.70049261083744,-55.21724709784412,-59.848394768133176
K015-4,-77.76134453781512,-80.46534653465346,-79.61075268817204,-77.05045871559633,-73.61637931034483,-84.1822429906542,-78.20108695652173,-78.01417004048584,-72.21942446043165,-76.7,-75.5,-70.54580152671755,-67.6095423563778,-70.91396648044693,-69.05321285140562,-67.7481684981685,-72.39557399723375,-66.5398313027179,-70.198,-46.918197984588026,-74.87610619469027,-50.353619474695705,-79.48771266540643,-79.16326530612245,-81.04638218923934,-80.466472303207,-77.92943201376936,-82.70180722891567,-72.61040787623067,-76.07299270072993,-66.82608695652173,-68.21351616062684,-57.19831223628692,-68.103,-72.51910828025478,-75.47955974842768,-55.70207852193995,-61.151969981238274,-63.448170731707314,-54.3781979977753
